{
  "mu": 3.5115264911763875,
  "n_points_fit": 212264,
  "scipy_lognorm": {
    "loc": 0.0,
    "scale": 33.49936525958323,
    "shape": 1.8357755794879496
  },
  "sigma": 1.8357755794879496
}